"","p_val","avg_log2FC","pct.1","pct.2","p_val_adj","cluster","gene"
"CCL5",0,2.16411168803302,0.618,0.19,0,"0","CCL5"
"LMNA",1.09414238797485e-189,1.08920353128684,0.415,0.24,2.87759448037386e-185,"0","LMNA"
"ANXA1",0,0.999161613713488,0.803,0.598,0,"0","ANXA1"
"RGCC",5.8918805054349e-199,0.967208759926886,0.645,0.499,1.54956457292938e-194,"0","RGCC"
"CCL4",9.40696256340596e-24,0.963434675134504,0.107,0.069,2.47403115417577e-19,"0","CCL4"
"CST7",1.58982180114811e-241,0.882434924206435,0.345,0.149,4.18123133701954e-237,"0","CST7"
"DUSP2",4.36930104352451e-151,0.859918648513066,0.482,0.328,1.14912617444695e-146,"0","DUSP2"
"GZMA",2.05426473828246e-134,0.855760599836195,0.193,0.077,5.40271626168288e-130,"0","GZMA"
"KLRB1",8.78727496521061e-221,0.816716847296979,0.632,0.423,2.31105331585039e-216,"0","KLRB1"
"ID2",5.74474391424355e-251,0.770764843322402,0.597,0.377,1.51086764944605e-246,"0","ID2"
"ZFP36",7.78556604348755e-228,0.73004380318874,0.749,0.601,2.04760386943723e-223,"0","ZFP36"
"HOPX",4.30927785772328e-134,0.724594392096869,0.196,0.078,1.13334007658122e-129,"0","HOPX"
"RGS2",6.31076775447495e-133,0.714707621147955,0.429,0.276,1.65973191942691e-128,"0","RGS2"
"IL32",0,0.704605282237171,0.902,0.744,0,"0","IL32"
"PHLDA1",7.96006510737203e-119,0.700497902051466,0.271,0.141,2.09349712323884e-114,"0","PHLDA1"
"LGALS1",7.78549134715319e-77,0.673918307523099,0.362,0.258,2.04758422430129e-72,"0","LGALS1"
"MCL1",5.77646985824621e-185,0.670035089133655,0.632,0.472,1.51921157271875e-180,"0","MCL1"
"S100A4",0,0.643580601896232,0.911,0.69,0,"0","S100A4"
"MYADM",1.12210295997995e-105,0.620095969419186,0.38,0.249,2.95113078474728e-101,"0","MYADM"
"JCHAIN",3.44990473172598e-65,0.617808717376044,0.27,0.178,9.07324944443933e-61,"0","JCHAIN"
"CCR7",0,1.33132679611196,0.551,0.162,0,"1","CCR7"
"IGJ",2.47486153186728e-108,1.14370117275884,0.413,0.316,6.50888582881095e-104,"1","IGJ"
"SELL",0,0.923953830516393,0.337,0.103,0,"1","SELL"
"KLF2",1.63134349606555e-185,0.760179964999367,0.307,0.135,4.29043339465239e-181,"1","KLF2"
"GAS5",1.24053334968871e-82,0.723721535442217,0.377,0.265,3.2626027096813e-78,"1","GAS5"
"RPL39",0,0.706999051495156,0.946,0.786,0,"1","RPL39"
"RPS27",0,0.701680219660959,0.999,0.999,0,"1","RPS27"
"RPS29",0,0.684064237374993,0.984,0.948,0,"1","RPS29"
"RPS21",0,0.67990918900977,0.954,0.875,0,"1","RPS21"
"C17orf76-AS1",2.96351162807771e-65,0.642958153036605,0.372,0.278,7.79403558184436e-61,"1","C17orf76-AS1"
"RPL37",0,0.637658157896676,0.979,0.926,0,"1","RPL37"
"RPS28",0,0.635618600375563,0.993,0.982,0,"1","RPS28"
"HLA-DRA",7.83579802063462e-119,0.63553726919124,0.288,0.152,2.06081487942691e-114,"1","HLA-DRA"
"RPL37A",0,0.627575616168135,0.974,0.923,0,"1","RPL37A"
"IGHA1",6.08856197930425e-29,0.622779659046967,0.757,0.795,1.60129180055702e-24,"1","IGHA1"
"RPL38",0,0.620531963179553,0.958,0.881,0,"1","RPL38"
"TSHZ2",1.9791914048057e-183,0.606308837075652,0.203,0.064,5.205273394639e-179,"1","TSHZ2"
"RPL34",0,0.575601813949892,0.991,0.975,0,"1","RPL34"
"RPS26",5.45631579303407e-294,0.573424529578107,0.925,0.853,1.43501105356796e-289,"1","RPS26"
"MT-ND3",8.47477487515474e-253,0.532478207151537,0.905,0.729,2.2288657921657e-248,"1","MT-ND3"
"IL22",0,1.79149437665844,0.139,0.002,0,"2","IL22"
"IL4I1",0,1.22045339711831,0.266,0.026,0,"2","IL4I1"
"CCL20",2.29472976117864e-110,1.20384357197826,0.211,0.083,6.03513927189982e-106,"2","CCL20"
"IFI44L",0,1.06025039297723,0.228,0.039,0,"2","IFI44L"
"ISG15",2.55574867879659e-81,1.03567047488746,0.463,0.314,6.72161902523502e-77,"2","ISG15"
"TNFSF13B",1.14904732868856e-284,0.991515408898376,0.269,0.064,3.02199447445091e-280,"2","TNFSF13B"
"IFI6",2.49627788613929e-77,0.90019693636685,0.226,0.113,6.56521084054634e-73,"2","IFI6"
"AC092580.4",5.89812951431352e-162,0.832033027267022,0.313,0.127,1.55120806226446e-157,"2","AC092580.4"
"S100A41",0,0.80715056456227,0.942,0.744,0,"2","S100A4"
"ID21",2.19620752745317e-120,0.791184886066503,0.623,0.432,5.77602579720184e-116,"2","ID2"
"LTB",1.31389484914403e-128,0.773173790938926,0.863,0.739,3.45554345324879e-124,"2","LTB"
"LGALS3",1.18616781764509e-137,0.747837205724186,0.394,0.2,3.1196213604066e-133,"2","LGALS3"
"AQP3",3.69271622975239e-156,0.745262760971511,0.313,0.133,9.71184368424878e-152,"2","AQP3"
"MT-RNR1",5.68033842212102e-49,0.737900803601167,0.37,0.258,1.49392900501783e-44,"2","MT-RNR1"
"IL2",0,0.723560371272849,0.132,0.005,0,"2","IL2"
"LY6E",3.52710211675324e-86,0.700015137927318,0.511,0.352,9.27627856706101e-82,"2","LY6E"
"PSME2",7.13296664390184e-130,0.696729426962713,0.589,0.393,1.87597022734618e-125,"2","PSME2"
"TNFRSF4",2.70238102263203e-85,0.649839744910291,0.309,0.165,7.10726208952224e-81,"2","TNFRSF4"
"CAPG",2.39191345629481e-113,0.648606923568357,0.289,0.134,6.29073239005536e-109,"2","CAPG"
"AMICA1",5.06495363266786e-80,0.633252315618807,0.163,0.065,1.33208280539165e-75,"2","AMICA1"
"PASK",0,2.63883291497372,0.987,0.008,0,"3","PASK"
"RPS17",8.86487776894497e-211,0.856386127496155,0.88,0.548,2.33146285323253e-206,"3","RPS17"
"SARAF",1.32698993156789e-159,0.815920662881458,0.821,0.476,3.48998352002355e-155,"3","SARAF"
"TXNIP",1.66539416509399e-67,0.785984689074783,0.501,0.319,4.37998665419719e-63,"3","TXNIP"
"TRBC1",2.36608867804071e-74,0.685924408464881,0.474,0.267,6.22281322324706e-70,"3","TRBC1"
"SELL1",6.47279123523454e-99,0.656626870135552,0.362,0.159,1.70234409486668e-94,"3","SELL"
"PIK3IP1",2.55676869091442e-78,0.555285134571201,0.476,0.259,6.72430165710493e-74,"3","PIK3IP1"
"SNU13",2.1984493564362e-80,0.508703459731058,0.442,0.229,5.78192180742721e-76,"3","SNU13"
"FKBP5",8.53840061586685e-66,0.507212731385937,0.307,0.146,2.24559936197298e-61,"3","FKBP5"
"TSHZ21",4.76637779411516e-68,0.506530458937365,0.231,0.096,1.25355735985229e-63,"3","TSHZ2"
"AC090498.1",1.73403016758317e-73,0.50494829110064,0.48,0.267,4.56049934074374e-69,"3","AC090498.1"
